<?xml version="1.0" encoding="utf-8" ?>
<component name="category_screen" extends="Group">
	<children>
		<Label
			translation="[75, 150]"
			id="env"
			font="font:LargeBoldSystemFont"
			text="PICK A CATEGORY:"
		/>
		<RadioButtonList
			id="category_list"
			translation="[100, 200]"
			itemSize="[400,48]"
		>
			<ContentNode id="categories" role="content">
				<ContentNode title="DRAMA" />
				<ContentNode title="COMEDY" />
				<ContentNode title="HORROR" />
			</ContentNode>
		</RadioButtonList>
	</children>
	<script type="text/brightscript" uri="pkg:/components/screens/category_screen.brs" />
</component>